index,caption,category
1,Brushing up on my art skills üé®,painting
2,"Paint, sip, and relax.",painting
3,Caught in the moment of creativity.,painting
4,Masterpieces in progress.,painting
5,"Coloring outside the lines, literally.",painting
6,Abstract expressions all day.,painting
7,Lost in the strokes.,painting
8,Mixing colors and catching vibes.,painting
9,Canvas therapy session.,painting
10,Every brushstroke tells a story.,painting
11,Brushing up on my art skills üé®,painting
12,"Paint, sip, and relax.",painting
13,Caught in the moment of creativity.,painting
14,Masterpieces in progress.,painting
15,"Coloring outside the lines, literally.",painting
16,Abstract expressions all day.,painting
17,Lost in the strokes.,painting
18,Mixing colors and catching vibes.,painting
19,Canvas therapy session.,painting
20,Every brushstroke tells a story.,painting
21,Brushing up on my art skills üé®,painting
22,"Paint, sip, and relax.",painting
23,Caught in the moment of creativity.,painting
24,Masterpieces in progress.,painting
25,"Coloring outside the lines, literally.",painting
26,Abstract expressions all day.,painting
27,Lost in the strokes.,painting
28,Mixing colors and catching vibes.,painting
29,Canvas therapy session.,painting
30,Every brushstroke tells a story.,painting
31,Brushing up on my art skills üé®,painting
32,"Paint, sip, and relax.",painting
33,Caught in the moment of creativity.,painting
34,Masterpieces in progress.,painting
35,"Coloring outside the lines, literally.",painting
36,Abstract expressions all day.,painting
37,Lost in the strokes.,painting
38,Mixing colors and catching vibes.,painting
39,Canvas therapy session.,painting
40,Every brushstroke tells a story.,painting
41,Brushing up on my art skills üé®,painting
42,"Paint, sip, and relax.",painting
43,Caught in the moment of creativity.,painting
44,Masterpieces in progress.,painting
45,"Coloring outside the lines, literally.",painting
46,Abstract expressions all day.,painting
47,Lost in the strokes.,painting
48,Mixing colors and catching vibes.,painting
49,Canvas therapy session.,painting
50,Every brushstroke tells a story.,painting
1,Shaping memories from clay.,pottery class
2,"Hands dirty, heart happy.",pottery class
3,Pottery: where patience meets creativity.,pottery class
4,Just me and my wheel.,pottery class
5,Forming art one spin at a time.,pottery class
6,"Clay in motion, ideas in flow.",pottery class
7,Centering more than just clay today.,pottery class
8,"Bowls, mugs, and a few laughs.",pottery class
9,Pottery night success!,pottery class
10,From lump to lovely.,pottery class
11,Shaping memories from clay.,pottery class
12,"Hands dirty, heart happy.",pottery class
13,Pottery: where patience meets creativity.,pottery class
14,Just me and my wheel.,pottery class
15,Forming art one spin at a time.,pottery class
16,"Clay in motion, ideas in flow.",pottery class
17,Centering more than just clay today.,pottery class
18,"Bowls, mugs, and a few laughs.",pottery class
19,Pottery night success!,pottery class
20,From lump to lovely.,pottery class
21,Shaping memories from clay.,pottery class
22,"Hands dirty, heart happy.",pottery class
23,Pottery: where patience meets creativity.,pottery class
24,Just me and my wheel.,pottery class
25,Forming art one spin at a time.,pottery class
26,"Clay in motion, ideas in flow.",pottery class
27,Centering more than just clay today.,pottery class
28,"Bowls, mugs, and a few laughs.",pottery class
29,Pottery night success!,pottery class
30,From lump to lovely.,pottery class
31,Shaping memories from clay.,pottery class
32,"Hands dirty, heart happy.",pottery class
33,Pottery: where patience meets creativity.,pottery class
34,Just me and my wheel.,pottery class
35,Forming art one spin at a time.,pottery class
36,"Clay in motion, ideas in flow.",pottery class
37,Centering more than just clay today.,pottery class
38,"Bowls, mugs, and a few laughs.",pottery class
39,Pottery night success!,pottery class
40,From lump to lovely.,pottery class
41,Shaping memories from clay.,pottery class
42,"Hands dirty, heart happy.",pottery class
43,Pottery: where patience meets creativity.,pottery class
44,Just me and my wheel.,pottery class
45,Forming art one spin at a time.,pottery class
46,"Clay in motion, ideas in flow.",pottery class
47,Centering more than just clay today.,pottery class
48,"Bowls, mugs, and a few laughs.",pottery class
49,Pottery night success!,pottery class
50,From lump to lovely.,pottery class
1,Finding rhythm in every step.,dance class
2,Dance like nobody's watching.,dance class
3,"Twist, turn, and groove.",dance class
4,Studio vibes and good energy.,dance class
5,Every move is a mood.,dance class
6,"Breaking a sweat, catching a beat.",dance class
7,Learning new steps and loving it.,dance class
8,Dancing through life one class at a time.,dance class
9,"When in doubt, dance it out.",dance class
10,Feeling the beat from head to toe.,dance class
11,Finding rhythm in every step.,dance class
12,Dance like nobody's watching.,dance class
13,"Twist, turn, and groove.",dance class
14,Studio vibes and good energy.,dance class
15,Every move is a mood.,dance class
16,"Breaking a sweat, catching a beat.",dance class
17,Learning new steps and loving it.,dance class
18,Dancing through life one class at a time.,dance class
19,"When in doubt, dance it out.",dance class
20,Feeling the beat from head to toe.,dance class
21,Finding rhythm in every step.,dance class
22,Dance like nobody's watching.,dance class
23,"Twist, turn, and groove.",dance class
24,Studio vibes and good energy.,dance class
25,Every move is a mood.,dance class
26,"Breaking a sweat, catching a beat.",dance class
27,Learning new steps and loving it.,dance class
28,Dancing through life one class at a time.,dance class
29,"When in doubt, dance it out.",dance class
30,Feeling the beat from head to toe.,dance class
31,Finding rhythm in every step.,dance class
32,Dance like nobody's watching.,dance class
33,"Twist, turn, and groove.",dance class
34,Studio vibes and good energy.,dance class
35,Every move is a mood.,dance class
36,"Breaking a sweat, catching a beat.",dance class
37,Learning new steps and loving it.,dance class
38,Dancing through life one class at a time.,dance class
39,"When in doubt, dance it out.",dance class
40,Feeling the beat from head to toe.,dance class
41,Finding rhythm in every step.,dance class
42,Dance like nobody's watching.,dance class
43,"Twist, turn, and groove.",dance class
44,Studio vibes and good energy.,dance class
45,Every move is a mood.,dance class
46,"Breaking a sweat, catching a beat.",dance class
47,Learning new steps and loving it.,dance class
48,Dancing through life one class at a time.,dance class
49,"When in doubt, dance it out.",dance class
50,Feeling the beat from head to toe.,dance class
1,"Writing lines, solving problems.",coding class
2,"Code, compile, repeat.",coding class
3,Debugging life one bug at a time.,coding class
4,Coffee and code = perfect combo.,coding class
5,Functioning in functions.,coding class
6,Learning the language of logic.,coding class
7,New skills loading‚Ä¶,coding class
8,Compiling dreams into reality.,coding class
9,Just another day of coding magic.,coding class
10,Turning syntax into success.,coding class
11,"Writing lines, solving problems.",coding class
12,"Code, compile, repeat.",coding class
13,Debugging life one bug at a time.,coding class
14,Coffee and code = perfect combo.,coding class
15,Functioning in functions.,coding class
16,Learning the language of logic.,coding class
17,New skills loading‚Ä¶,coding class
18,Compiling dreams into reality.,coding class
19,Just another day of coding magic.,coding class
20,Turning syntax into success.,coding class
21,"Writing lines, solving problems.",coding class
22,"Code, compile, repeat.",coding class
23,Debugging life one bug at a time.,coding class
24,Coffee and code = perfect combo.,coding class
25,Functioning in functions.,coding class
26,Learning the language of logic.,coding class
27,New skills loading‚Ä¶,coding class
28,Compiling dreams into reality.,coding class
29,Just another day of coding magic.,coding class
30,Turning syntax into success.,coding class
31,"Writing lines, solving problems.",coding class
32,"Code, compile, repeat.",coding class
33,Debugging life one bug at a time.,coding class
34,Coffee and code = perfect combo.,coding class
35,Functioning in functions.,coding class
36,Learning the language of logic.,coding class
37,New skills loading‚Ä¶,coding class
38,Compiling dreams into reality.,coding class
39,Just another day of coding magic.,coding class
40,Turning syntax into success.,coding class
41,"Writing lines, solving problems.",coding class
42,"Code, compile, repeat.",coding class
43,Debugging life one bug at a time.,coding class
44,Coffee and code = perfect combo.,coding class
45,Functioning in functions.,coding class
46,Learning the language of logic.,coding class
47,New skills loading‚Ä¶,coding class
48,Compiling dreams into reality.,coding class
49,Just another day of coding magic.,coding class
50,Turning syntax into success.,coding class
1,Trail time is the best time.,hiking
2,Peak moments and fresh air.,hiking
3,Every step is an adventure.,hiking
4,Chasing views and good vibes.,hiking
5,Nature never goes out of style.,hiking
6,"Hike more, worry less.",hiking
7,Found peace at the summit.,hiking
8,Rocky paths and rewarding views.,hiking
9,One trail at a time.,hiking
10,"Wander often, wonder always.",hiking
11,Trail time is the best time.,hiking
12,Peak moments and fresh air.,hiking
13,Every step is an adventure.,hiking
14,Chasing views and good vibes.,hiking
15,Nature never goes out of style.,hiking
16,"Hike more, worry less.",hiking
17,Found peace at the summit.,hiking
18,Rocky paths and rewarding views.,hiking
19,One trail at a time.,hiking
20,"Wander often, wonder always.",hiking
21,Trail time is the best time.,hiking
22,Peak moments and fresh air.,hiking
23,Every step is an adventure.,hiking
24,Chasing views and good vibes.,hiking
25,Nature never goes out of style.,hiking
26,"Hike more, worry less.",hiking
27,Found peace at the summit.,hiking
28,Rocky paths and rewarding views.,hiking
29,One trail at a time.,hiking
30,"Wander often, wonder always.",hiking
31,Trail time is the best time.,hiking
32,Peak moments and fresh air.,hiking
33,Every step is an adventure.,hiking
34,Chasing views and good vibes.,hiking
35,Nature never goes out of style.,hiking
36,"Hike more, worry less.",hiking
37,Found peace at the summit.,hiking
38,Rocky paths and rewarding views.,hiking
39,One trail at a time.,hiking
40,"Wander often, wonder always.",hiking
41,Trail time is the best time.,hiking
42,Peak moments and fresh air.,hiking
43,Every step is an adventure.,hiking
44,Chasing views and good vibes.,hiking
45,Nature never goes out of style.,hiking
46,"Hike more, worry less.",hiking
47,Found peace at the summit.,hiking
48,Rocky paths and rewarding views.,hiking
49,One trail at a time.,hiking
50,"Wander often, wonder always.",hiking
1,Just keep swimming üèä,swimming
2,Pool days are the best days.,swimming
3,Making waves and memories.,swimming
4,Swim time = me time.,swimming
5,"Cool water, warm hearts.",swimming
6,Underwater thoughts.,swimming
7,Floating my worries away.,swimming
8,Freestyle kind of day.,swimming
9,Diving into the deep end.,swimming
10,"Swim, splash, smile.",swimming
11,Just keep swimming üèä,swimming
12,Pool days are the best days.,swimming
13,Making waves and memories.,swimming
14,Swim time = me time.,swimming
15,"Cool water, warm hearts.",swimming
16,Underwater thoughts.,swimming
17,Floating my worries away.,swimming
18,Freestyle kind of day.,swimming
19,Diving into the deep end.,swimming
20,"Swim, splash, smile.",swimming
21,Just keep swimming üèä,swimming
22,Pool days are the best days.,swimming
23,Making waves and memories.,swimming
24,Swim time = me time.,swimming
25,"Cool water, warm hearts.",swimming
26,Underwater thoughts.,swimming
27,Floating my worries away.,swimming
28,Freestyle kind of day.,swimming
29,Diving into the deep end.,swimming
30,"Swim, splash, smile.",swimming
31,Just keep swimming üèä,swimming
32,Pool days are the best days.,swimming
33,Making waves and memories.,swimming
34,Swim time = me time.,swimming
35,"Cool water, warm hearts.",swimming
36,Underwater thoughts.,swimming
37,Floating my worries away.,swimming
38,Freestyle kind of day.,swimming
39,Diving into the deep end.,swimming
40,"Swim, splash, smile.",swimming
41,Just keep swimming üèä,swimming
42,Pool days are the best days.,swimming
43,Making waves and memories.,swimming
44,Swim time = me time.,swimming
45,"Cool water, warm hearts.",swimming
46,Underwater thoughts.,swimming
47,Floating my worries away.,swimming
48,Freestyle kind of day.,swimming
49,Diving into the deep end.,swimming
50,"Swim, splash, smile.",swimming
1,Cheers to good times!,going to the bar
2,Bar vibes and besties.,going to the bar
3,"Drinks, laughs, repeat.",going to the bar
4,Making pour decisions.,going to the bar
5,Cocktails and conversations.,going to the bar
6,Raise your glass!,going to the bar
7,Liquid therapy.,going to the bar
8,Out for a quick one‚Ä¶ or three.,going to the bar
9,Sips and stories all night.,going to the bar
10,Happy hour hits different.,going to the bar
11,Cheers to good times!,going to the bar
12,Bar vibes and besties.,going to the bar
13,"Drinks, laughs, repeat.",going to the bar
14,Making pour decisions.,going to the bar
15,Cocktails and conversations.,going to the bar
16,Raise your glass!,going to the bar
17,Liquid therapy.,going to the bar
18,Out for a quick one‚Ä¶ or three.,going to the bar
19,Sips and stories all night.,going to the bar
20,Happy hour hits different.,going to the bar
21,Cheers to good times!,going to the bar
22,Bar vibes and besties.,going to the bar
23,"Drinks, laughs, repeat.",going to the bar
24,Making pour decisions.,going to the bar
25,Cocktails and conversations.,going to the bar
26,Raise your glass!,going to the bar
27,Liquid therapy.,going to the bar
28,Out for a quick one‚Ä¶ or three.,going to the bar
29,Sips and stories all night.,going to the bar
30,Happy hour hits different.,going to the bar
31,Cheers to good times!,going to the bar
32,Bar vibes and besties.,going to the bar
33,"Drinks, laughs, repeat.",going to the bar
34,Making pour decisions.,going to the bar
35,Cocktails and conversations.,going to the bar
36,Raise your glass!,going to the bar
37,Liquid therapy.,going to the bar
38,Out for a quick one‚Ä¶ or three.,going to the bar
39,Sips and stories all night.,going to the bar
40,Happy hour hits different.,going to the bar
41,Cheers to good times!,going to the bar
42,Bar vibes and besties.,going to the bar
43,"Drinks, laughs, repeat.",going to the bar
44,Making pour decisions.,going to the bar
45,Cocktails and conversations.,going to the bar
46,Raise your glass!,going to the bar
47,Liquid therapy.,going to the bar
48,Out for a quick one‚Ä¶ or three.,going to the bar
49,Sips and stories all night.,going to the bar
50,Happy hour hits different.,going to the bar
1,Dinner dates and delicious bites.,going to dinner
2,Serving looks and entrees.,going to dinner
3,"Table for two, please.",going to dinner
4,Fine food and finer company.,going to dinner
5,Tasting happiness one dish at a time.,going to dinner
6,"Forks up, it's dinner time.",going to dinner
7,"Eating good, feeling great.",going to dinner
8,Every meal is a memory.,going to dinner
9,Candlelight and conversation.,going to dinner
10,Bon app√©tit!,going to dinner
11,Dinner dates and delicious bites.,going to dinner
12,Serving looks and entrees.,going to dinner
13,"Table for two, please.",going to dinner
14,Fine food and finer company.,going to dinner
15,Tasting happiness one dish at a time.,going to dinner
16,"Forks up, it's dinner time.",going to dinner
17,"Eating good, feeling great.",going to dinner
18,Every meal is a memory.,going to dinner
19,Candlelight and conversation.,going to dinner
20,Bon app√©tit!,going to dinner
21,Dinner dates and delicious bites.,going to dinner
22,Serving looks and entrees.,going to dinner
23,"Table for two, please.",going to dinner
24,Fine food and finer company.,going to dinner
25,Tasting happiness one dish at a time.,going to dinner
26,"Forks up, it's dinner time.",going to dinner
27,"Eating good, feeling great.",going to dinner
28,Every meal is a memory.,going to dinner
29,Candlelight and conversation.,going to dinner
30,Bon app√©tit!,going to dinner
31,Dinner dates and delicious bites.,going to dinner
32,Serving looks and entrees.,going to dinner
33,"Table for two, please.",going to dinner
34,Fine food and finer company.,going to dinner
35,Tasting happiness one dish at a time.,going to dinner
36,"Forks up, it's dinner time.",going to dinner
37,"Eating good, feeling great.",going to dinner
38,Every meal is a memory.,going to dinner
39,Candlelight and conversation.,going to dinner
40,Bon app√©tit!,going to dinner
41,Dinner dates and delicious bites.,going to dinner
42,Serving looks and entrees.,going to dinner
43,"Table for two, please.",going to dinner
44,Fine food and finer company.,going to dinner
45,Tasting happiness one dish at a time.,going to dinner
46,"Forks up, it's dinner time.",going to dinner
47,"Eating good, feeling great.",going to dinner
48,Every meal is a memory.,going to dinner
49,Candlelight and conversation.,going to dinner
50,Bon app√©tit!,going to dinner
1,Movie night magic üé¨,going to the movies
2,Popcorn and previews.,going to the movies
3,Catching all the feels on screen.,going to the movies
4,"Big screen, big emotions.",going to the movies
5,Now showing: chill vibes.,going to the movies
6,Theater time = best time.,going to the movies
7,Soundtrack of the night.,going to the movies
8,Grabbed the popcorn and the best seat.,going to the movies
9,Film buffs unite!,going to the movies
10,Living for movie moments.,going to the movies
11,Movie night magic üé¨,going to the movies
12,Popcorn and previews.,going to the movies
13,Catching all the feels on screen.,going to the movies
14,"Big screen, big emotions.",going to the movies
15,Now showing: chill vibes.,going to the movies
16,Theater time = best time.,going to the movies
17,Soundtrack of the night.,going to the movies
18,Grabbed the popcorn and the best seat.,going to the movies
19,Film buffs unite!,going to the movies
20,Living for movie moments.,going to the movies
21,Movie night magic üé¨,going to the movies
22,Popcorn and previews.,going to the movies
23,Catching all the feels on screen.,going to the movies
24,"Big screen, big emotions.",going to the movies
25,Now showing: chill vibes.,going to the movies
26,Theater time = best time.,going to the movies
27,Soundtrack of the night.,going to the movies
28,Grabbed the popcorn and the best seat.,going to the movies
29,Film buffs unite!,going to the movies
30,Living for movie moments.,going to the movies
31,Movie night magic üé¨,going to the movies
32,Popcorn and previews.,going to the movies
33,Catching all the feels on screen.,going to the movies
34,"Big screen, big emotions.",going to the movies
35,Now showing: chill vibes.,going to the movies
36,Theater time = best time.,going to the movies
37,Soundtrack of the night.,going to the movies
38,Grabbed the popcorn and the best seat.,going to the movies
39,Film buffs unite!,going to the movies
40,Living for movie moments.,going to the movies
41,Movie night magic üé¨,going to the movies
42,Popcorn and previews.,going to the movies
43,Catching all the feels on screen.,going to the movies
44,"Big screen, big emotions.",going to the movies
45,Now showing: chill vibes.,going to the movies
46,Theater time = best time.,going to the movies
47,Soundtrack of the night.,going to the movies
48,Grabbed the popcorn and the best seat.,going to the movies
49,Film buffs unite!,going to the movies
50,Living for movie moments.,going to the movies
